created_at,screen_name
created_at,screen_name
2019-03-25 23:40:15,bizzwriter
2019-03-25 22:20:14,bizzwriter
2019-03-25 19:40:09,bizzwriter
2019-03-25 18:20:21,bizzwriter
2019-03-25 17:00:50,bizzwriter
2019-03-25 16:24:04,bizzwriter
2019-03-25 15:40:20,bizzwriter
2019-03-25 14:36:40,bizzwriter
2019-03-25 14:20:11,bizzwriter
2019-03-25 13:00:49,bizzwriter
2019-03-25 11:40:21,bizzwriter
2019-03-25 09:00:40,bizzwriter
2019-03-25 03:40:23,bizzwriter
2019-03-25 03:19:10,bizzwriter
2019-03-25 02:20:10,bizzwriter
2019-03-25 01:00:56,bizzwriter
2019-03-25 09:17:15,bizzwriter
2019-03-25 23:41:00,chrisbrogan
2019-03-25 22:20:23,chrisbrogan
2019-03-25 17:47:41,chrisbrogan
2019-03-25 16:45:18,chrisbrogan
2019-03-25 16:25:10,chrisbrogan
2019-03-25 15:44:35,chrisbrogan
2019-03-25 15:32:37,chrisbrogan
2019-03-25 12:39:32,chrisbrogan
2019-03-25 12:38:48,chrisbrogan
2019-03-25 04:37:16,chrisbrogan
2019-03-25 23:44:33,alyssa_milano
2019-03-25 23:09:09,alyssa_milano
2019-03-25 22:55:26,alyssa_milano
2019-03-25 22:53:20,alyssa_milano
2019-03-25 20:24:06,alyssa_milano
2019-03-25 19:55:05,alyssa_milano
2019-03-25 19:52:37,alyssa_milano
2019-03-25 19:52:28,alyssa_milano
2019-03-25 19:40:13,alyssa_milano
2019-03-25 19:17:08,alyssa_milano
2019-03-25 19:03:00,alyssa_milano
2019-03-25 19:02:34,alyssa_milano
2019-03-25 19:01:32,alyssa_milano
2019-03-25 18:59:15,alyssa_milano
2019-03-25 18:26:49,alyssa_milano
2019-03-25 18:26:05,alyssa_milano
2019-03-25 18:20:33,alyssa_milano
2019-03-25 18:19:36,alyssa_milano
2019-03-25 18:12:06,alyssa_milano
2019-03-25 18:10:47,alyssa_milano
2019-03-25 18:02:54,alyssa_milano
2019-03-25 17:53:31,alyssa_milano
2019-03-25 17:42:31,alyssa_milano
2019-03-25 17:39:50,alyssa_milano
2019-03-25 17:30:54,alyssa_milano
2019-03-25 17:29:32,alyssa_milano
2019-03-25 17:28:39,alyssa_milano
2019-03-25 17:28:03,alyssa_milano
2019-03-25 17:26:42,alyssa_milano
2019-03-25 17:17:15,alyssa_milano
2019-03-25 06:37:38,alyssa_milano
2019-03-25 03:46:16,alyssa_milano
2019-03-25 00:03:05,alyssa_milano
2019-03-25 02:48:45,alyssa_milano
2019-03-25 03:49:20,alyssa_milano
2019-03-25 03:50:40,alyssa_milano
2019-03-25 03:51:04,alyssa_milano
2019-03-25 03:51:30,alyssa_milano
2019-03-25 03:52:05,alyssa_milano
2019-03-25 02:53:10,alyssa_milano
2019-03-25 00:54:07,alyssa_milano
2019-03-25 02:55:40,alyssa_milano
2019-03-25 01:56:10,alyssa_milano
2019-03-25 01:54:15,alyssa_milano
2019-03-25 23:49:29,estelledarlings
2019-03-25 23:48:24,estelledarlings
2019-03-25 23:47:01,estelledarlings
2019-03-25 23:46:38,estelledarlings
2019-03-25 23:44:53,estelledarlings
2019-03-25 21:10:48,estelledarlings
2019-03-25 21:10:12,estelledarlings
2019-03-25 21:06:23,estelledarlings
2019-03-25 21:05:40,estelledarlings
2019-03-25 20:15:41,estelledarlings
2019-03-25 16:44:19,estelledarlings
2019-03-25 16:43:52,estelledarlings
2019-03-25 02:02:51,estelledarlings
2019-03-25 09:01:00,estelledarlings
2019-03-25 08:00:00,estelledarlings
2019-03-25 07:10:14,estelledarlings
2019-03-25 04:20:30,estelledarlings
2019-03-25 02:10:18,estelledarlings
2019-03-25 06:03:48,jeanettejoy
2019-03-25 05:59:50,jeanettejoy
2019-03-25 05:52:11,jeanettejoy
2019-03-25 05:35:11,jeanettejoy
2019-03-25 05:31:22,jeanettejoy
2019-03-25 05:19:51,jeanettejoy
2019-03-25 05:19:15,jeanettejoy
2019-03-25 05:17:59,jeanettejoy
2019-03-25 05:16:29,jeanettejoy
2019-03-25 05:15:48,jeanettejoy
2019-03-25 05:15:04,jeanettejoy
2019-03-25 05:09:54,jeanettejoy
2019-03-25 05:02:26,jeanettejoy
2019-03-25 05:02:13,jeanettejoy
2019-03-25 05:01:59,jeanettejoy
2019-03-25 05:01:14,jeanettejoy
2019-03-25 04:45:17,jeanettejoy
2019-03-25 04:28:13,jeanettejoy
2019-03-25 04:12:10,jeanettejoy
2019-03-25 03:55:14,jeanettejoy
2019-03-25 03:38:14,jeanettejoy
2019-03-25 03:21:15,jeanettejoy
2019-03-25 03:05:17,jeanettejoy
2019-03-25 02:48:11,jeanettejoy
2019-03-25 02:31:15,jeanettejoy
2019-03-25 02:15:22,jeanettejoy
2019-03-25 01:58:22,jeanettejoy
2019-03-25 01:41:11,jeanettejoy
2019-03-25 01:24:15,jeanettejoy
2019-03-25 01:08:19,jeanettejoy
2019-03-25 00:51:12,jeanettejoy
2019-03-25 00:34:13,jeanettejoy
2019-03-25 00:17:13,jeanettejoy
2019-03-25 00:01:40,jeanettejoy
2019-03-25 00:09:08,jeanettejoy
2019-03-25 03:10:12,jeanettejoy
2019-03-25 04:10:19,jeanettejoy
2019-03-25 04:11:16,jeanettejoy
2019-03-25 04:12:49,jeanettejoy
2019-03-25 04:12:30,jeanettejoy
2019-03-25 04:13:09,jeanettejoy
2019-03-25 04:14:12,jeanettejoy
2019-03-25 04:14:30,jeanettejoy
2019-03-25 04:15:00,jeanettejoy
2019-03-25 04:15:42,jeanettejoy
2019-03-25 05:16:10,jeanettejoy
2019-03-25 05:17:30,jeanettejoy
2019-03-25 05:18:02,jeanettejoy
2019-03-25 05:18:30,jeanettejoy
2019-03-25 05:19:10,jeanettejoy
2019-03-25 05:19:40,jeanettejoy
2019-03-25 05:21:10,jeanettejoy
2019-03-25 05:21:32,jeanettejoy
2019-03-25 05:22:18,jeanettejoy
2019-03-25 05:22:40,jeanettejoy
2019-03-25 05:23:04,jeanettejoy
2019-03-25 05:24:10,jeanettejoy
2019-03-25 05:24:29,jeanettejoy
2019-03-25 05:26:10,jeanettejoy
2019-03-25 05:26:37,jeanettejoy
2019-03-25 05:27:04,jeanettejoy
2019-03-25 05:27:10,jeanettejoy
2019-03-25 05:28:08,jeanettejoy
2019-03-25 06:28:49,jeanettejoy
2019-03-25 06:29:06,jeanettejoy
2019-03-25 06:30:10,jeanettejoy
2019-03-25 06:31:10,jeanettejoy
2019-03-25 06:31:24,jeanettejoy
2019-03-25 06:32:09,jeanettejoy
2019-03-25 06:32:27,jeanettejoy
2019-03-25 06:33:07,jeanettejoy
2019-03-25 06:33:18,jeanettejoy
2019-03-25 06:34:10,jeanettejoy
2019-03-25 06:34:55,jeanettejoy
2019-03-25 07:10:12,jeanettejoy
2019-03-25 08:20:39,jeanettejoy
2019-03-25 08:40:10,jeanettejoy
2019-03-25 08:41:35,jeanettejoy
2019-03-25 08:42:10,jeanettejoy
2019-03-25 09:05:01,jeanettejoy
2019-03-25 09:15:19,jeanettejoy
2019-03-25 10:40:17,jeanettejoy
2019-03-25 06:45:18,jeanettejoy
2019-03-25 10:41:20,jeanettejoy
2019-03-25 23:44:56,TomHall
2019-03-25 20:34:23,TomHall
2019-03-25 19:01:00,TomHall
2019-03-25 17:00:34,TomHall
2019-03-25 12:53:46,TomHall
2019-03-25 05:27:19,TomHall
2019-03-25 03:09:59,TomHall
2019-03-25 03:02:10,TomHall
2019-03-25 01:25:23,TomHall
2019-03-25 11:04:18,TomHall
2019-03-25 11:02:25,TomHall
2019-03-25 11:01:00,TomHall
2019-03-25 09:58:16,TomHall
2019-03-25 10:00:07,TomHall
2019-03-25 10:05:22,TomHall
2019-03-25 10:07:08,TomHall
2019-03-25 07:01:14,TomHall
2019-03-25 05:02:39,TomHall
2019-03-25 09:03:12,TomHall
2019-03-25 09:04:30,TomHall
2019-03-25 09:05:18,TomHall
2019-03-25 09:07:40,TomHall
2019-03-25 09:10:42,TomHall
2019-03-25 09:11:19,TomHall
2019-03-25 09:11:50,TomHall
2019-03-25 09:12:24,TomHall
2019-03-25 09:12:58,TomHall
2019-03-25 09:13:12,TomHall
2019-03-25 09:13:45,TomHall
2019-03-25 08:10:10,TomHall
2019-03-25 07:12:10,TomHall
2019-03-25 07:13:18,TomHall
2019-03-25 07:13:47,TomHall
2019-03-25 07:14:09,TomHall
2019-03-25 07:15:00,TomHall
2019-03-25 07:15:23,TomHall
2019-03-25 07:15:55,TomHall
2019-03-25 07:16:03,TomHall
2019-03-25 07:16:18,TomHall
2019-03-25 07:17:00,TomHall
2019-03-25 07:17:27,TomHall
2019-03-25 07:18:13,TomHall
2019-03-25 07:18:18,TomHall
2019-03-25 07:19:02,TomHall
2019-03-25 05:20:17,TomHall
2019-03-25 06:12:30,TomHall
2019-03-25 06:12:58,TomHall
2019-03-25 06:13:16,TomHall
2019-03-25 06:14:22,TomHall
2019-03-25 06:14:57,TomHall
2019-03-25 06:15:33,TomHall
2019-03-25 06:16:06,TomHall
2019-03-25 06:16:43,TomHall
2019-03-25 06:17:01,TomHall
2019-03-25 06:17:33,TomHall
2019-03-25 05:27:00,TomHall
2019-03-25 05:27:57,TomHall
2019-03-25 05:30:10,TomHall
2019-03-25 04:19:22,TomHall
2019-03-25 05:31:57,TomHall
2019-03-25 05:32:33,TomHall
2019-03-25 05:33:10,TomHall
2019-03-25 05:33:40,TomHall
2019-03-25 05:34:17,TomHall
2019-03-25 04:51:02,TomHall
2019-03-25 04:51:56,TomHall
2019-03-25 04:52:08,TomHall
2019-03-25 04:52:43,TomHall
2019-03-25 05:53:07,TomHall
2019-03-25 05:53:41,TomHall
2019-03-25 05:54:02,TomHall
2019-03-25 03:23:22,TomHall
2019-03-25 03:23:55,TomHall
2019-03-25 03:24:11,TomHall
2019-03-25 03:24:34,TomHall
2019-03-25 03:25:04,TomHall
2019-03-25 03:26:02,TomHall
2019-03-25 03:26:45,TomHall
2019-03-25 03:27:26,TomHall
2019-03-25 03:28:00,TomHall
2019-03-25 03:28:39,TomHall
2019-03-25 03:29:13,TomHall
2019-03-25 03:29:51,TomHall
2019-03-25 03:30:22,TomHall
2019-03-25 03:31:01,TomHall
2019-03-25 03:34:02,TomHall
2019-03-25 03:34:15,TomHall
2019-03-25 03:34:40,TomHall
2019-03-25 03:35:10,TomHall
2019-03-25 03:37:11,TomHall
2019-03-25 03:37:58,TomHall
2019-03-25 20:57:56,mollie_Apso1
2019-03-25 20:56:37,mollie_Apso1
2019-03-25 20:48:39,mollie_Apso1
2019-03-25 20:40:26,mollie_Apso1
2019-03-25 20:39:56,mollie_Apso1
2019-03-25 20:39:27,mollie_Apso1
2019-03-25 20:35:16,mollie_Apso1
2019-03-25 20:34:41,mollie_Apso1
2019-03-25 20:32:47,mollie_Apso1
2019-03-25 20:17:20,mollie_Apso1
2019-03-25 19:43:36,mollie_Apso1
2019-03-25 19:34:39,mollie_Apso1
2019-03-25 19:34:28,mollie_Apso1
2019-03-25 19:33:19,mollie_Apso1
2019-03-25 19:22:51,mollie_Apso1
2019-03-25 19:19:29,mollie_Apso1
2019-03-25 19:16:28,mollie_Apso1
2019-03-25 19:15:30,mollie_Apso1
2019-03-25 19:15:06,mollie_Apso1
2019-03-25 19:14:34,mollie_Apso1
2019-03-25 19:14:10,mollie_Apso1
2019-03-25 19:13:37,mollie_Apso1
2019-03-25 19:00:48,mollie_Apso1
2019-03-25 18:59:46,mollie_Apso1
2019-03-25 18:57:37,mollie_Apso1
2019-03-25 18:54:37,mollie_Apso1
2019-03-25 18:53:59,mollie_Apso1
2019-03-25 18:49:28,mollie_Apso1
2019-03-25 18:44:53,mollie_Apso1
2019-03-25 18:43:37,mollie_Apso1
2019-03-25 18:43:01,mollie_Apso1
2019-03-25 18:42:38,mollie_Apso1
2019-03-25 18:33:08,mollie_Apso1
2019-03-25 18:31:23,mollie_Apso1
2019-03-25 18:30:41,mollie_Apso1
2019-03-25 18:30:31,mollie_Apso1
2019-03-25 18:29:48,mollie_Apso1
2019-03-25 18:23:49,mollie_Apso1
2019-03-25 18:23:42,mollie_Apso1
2019-03-25 18:21:23,mollie_Apso1
2019-03-25 18:20:42,mollie_Apso1
2019-03-25 18:17:17,mollie_Apso1
2019-03-25 18:17:11,mollie_Apso1
2019-03-25 18:16:43,mollie_Apso1
2019-03-25 18:15:57,mollie_Apso1
2019-03-25 17:54:46,mollie_Apso1
2019-03-25 17:54:33,mollie_Apso1
2019-03-25 17:53:52,mollie_Apso1
2019-03-25 17:52:24,mollie_Apso1
2019-03-25 17:51:56,mollie_Apso1
2019-03-25 17:51:45,mollie_Apso1
2019-03-25 17:50:01,mollie_Apso1
2019-03-25 17:48:15,mollie_Apso1
2019-03-25 17:47:48,mollie_Apso1
2019-03-25 17:47:22,mollie_Apso1
2019-03-25 17:45:38,mollie_Apso1
2019-03-25 15:41:00,mollie_Apso1
2019-03-25 15:38:40,mollie_Apso1
2019-03-25 15:37:34,mollie_Apso1
2019-03-25 15:37:06,mollie_Apso1
2019-03-25 15:36:41,mollie_Apso1
2019-03-25 15:36:32,mollie_Apso1
2019-03-25 15:36:05,mollie_Apso1
2019-03-25 15:35:28,mollie_Apso1
2019-03-25 15:11:29,mollie_Apso1
2019-03-25 15:10:30,mollie_Apso1
2019-03-25 15:10:12,mollie_Apso1
2019-03-25 15:04:29,mollie_Apso1
2019-03-25 15:03:42,mollie_Apso1
2019-03-25 15:03:03,mollie_Apso1
2019-03-25 14:49:58,mollie_Apso1
2019-03-25 14:45:01,mollie_Apso1
2019-03-25 14:44:34,mollie_Apso1
2019-03-25 14:43:43,mollie_Apso1
2019-03-25 14:32:57,mollie_Apso1
2019-03-25 14:28:26,mollie_Apso1
2019-03-25 14:28:07,mollie_Apso1
2019-03-25 14:26:12,mollie_Apso1
2019-03-25 14:06:45,mollie_Apso1
2019-03-25 14:06:24,mollie_Apso1
2019-03-25 14:05:36,mollie_Apso1
2019-03-25 14:05:20,mollie_Apso1
2019-03-25 14:05:05,mollie_Apso1
2019-03-25 14:04:35,mollie_Apso1
2019-03-25 06:04:36,mollie_Apso1
2019-03-25 06:01:40,mollie_Apso1
2019-03-25 05:10:00,mollie_Apso1
2019-03-25 02:35:15,mollie_Apso1
2019-03-25 02:14:42,mollie_Apso1
2019-03-25 02:13:19,mollie_Apso1
2019-03-25 01:57:00,mollie_Apso1
2019-03-25 00:32:18,mollie_Apso1
2019-03-25 00:29:21,mollie_Apso1
2019-03-25 00:16:03,mollie_Apso1
2019-03-25 20:57:57,mollie_Apso1
2019-03-25 12:20:32,mollie_Apso1
2019-03-25 12:21:22,mollie_Apso1
2019-03-25 09:21:56,mollie_Apso1
2019-03-25 10:11:14,mollie_Apso1
2019-03-25 09:22:23,mollie_Apso1
2019-03-25 10:12:05,mollie_Apso1
2019-03-25 08:05:35,mollie_Apso1
2019-03-25 08:06:11,mollie_Apso1
2019-03-25 07:04:10,mollie_Apso1
2019-03-25 07:05:11,mollie_Apso1
2019-03-25 07:05:59,mollie_Apso1
2019-03-25 06:11:10,mollie_Apso1
2019-03-25 06:11:48,mollie_Apso1
2019-03-25 06:12:22,mollie_Apso1
2019-03-25 06:13:01,mollie_Apso1
2019-03-25 06:13:54,mollie_Apso1
2019-03-25 06:14:32,mollie_Apso1
2019-03-25 06:15:00,mollie_Apso1
2019-03-25 06:15:38,mollie_Apso1
2019-03-25 06:16:02,mollie_Apso1
2019-03-25 06:16:37,mollie_Apso1
2019-03-25 06:17:03,mollie_Apso1
2019-03-25 06:17:22,mollie_Apso1
2019-03-25 06:17:57,mollie_Apso1
2019-03-25 06:18:09,mollie_Apso1
2019-03-25 06:18:49,mollie_Apso1
2019-03-25 19:35:09,IanCallaway352
2019-03-25 14:37:41,IanCallaway352
2019-03-25 14:29:48,IanCallaway352
2019-03-25 14:29:24,IanCallaway352
2019-03-25 14:28:55,IanCallaway352
2019-03-25 14:24:12,IanCallaway352
2019-03-25 14:22:18,IanCallaway352
2019-03-25 08:40:27,IanCallaway352
2019-03-25 07:08:37,IanCallaway352
2019-03-25 07:07:33,IanCallaway352
2019-03-25 06:22:04,IanCallaway352
2019-03-25 14:22:05,IanCallaway352
2019-03-25 12:16:10,IanCallaway352
2019-03-25 20:14:18,sagarsamy
2019-03-25 19:43:11,sagarsamy
2019-03-25 19:41:56,sagarsamy
2019-03-25 19:18:51,sagarsamy
2019-03-25 19:16:50,sagarsamy
2019-03-25 19:16:38,sagarsamy
2019-03-25 19:15:01,sagarsamy
2019-03-25 18:56:49,sagarsamy
2019-03-25 18:53:49,sagarsamy
2019-03-25 18:52:14,sagarsamy
2019-03-25 18:50:51,sagarsamy
2019-03-25 18:44:59,sagarsamy
2019-03-25 18:43:56,sagarsamy
2019-03-25 18:29:30,sagarsamy
2019-03-25 18:19:45,sagarsamy
2019-03-25 18:17:08,sagarsamy
2019-03-25 18:17:01,sagarsamy
2019-03-25 18:14:22,sagarsamy
2019-03-25 18:14:19,sagarsamy
2019-03-25 17:46:17,sagarsamy
2019-03-25 17:46:14,sagarsamy
2019-03-25 17:46:10,sagarsamy
2019-03-25 17:45:43,sagarsamy
2019-03-25 17:35:20,sagarsamy
2019-03-25 17:35:08,sagarsamy
2019-03-25 17:17:01,sagarsamy
2019-03-25 17:10:33,sagarsamy
2019-03-25 09:00:09,sagarsamy
2019-03-25 09:00:08,sagarsamy
2019-03-25 09:00:07,sagarsamy
2019-03-25 09:00:06,sagarsamy
2019-03-25 20:14:19,sagarsamy
2019-03-25 19:43:12,sagarsamy
2019-03-25 19:41:57,sagarsamy
2019-03-25 19:18:52,sagarsamy
2019-03-25 19:16:51,sagarsamy
2019-03-25 19:16:39,sagarsamy
2019-03-25 19:15:02,sagarsamy
2019-03-25 18:56:50,sagarsamy
2019-03-25 18:53:50,sagarsamy
2019-03-25 18:52:15,sagarsamy
2019-03-25 18:50:52,sagarsamy
2019-03-25 18:44:60,sagarsamy
2019-03-25 18:43:57,sagarsamy
2019-03-25 18:29:31,sagarsamy
2019-03-25 18:19:46,sagarsamy
2019-03-25 18:17:09,sagarsamy
2019-03-25 18:17:02,sagarsamy
2019-03-25 18:14:23,sagarsamy
2019-03-25 18:14:20,sagarsamy
2019-03-25 17:46:18,sagarsamy
2019-03-25 20:14:19,sagarsamy
2019-03-25 19:43:12,sagarsamy
2019-03-25 19:41:57,sagarsamy
2019-03-25 19:18:52,sagarsamy
2019-03-25 19:16:51,sagarsamy
2019-03-25 19:16:39,sagarsamy
2019-03-25 19:15:02,sagarsamy
2019-03-25 18:56:50,sagarsamy
2019-03-25 18:53:50,sagarsamy
2019-03-25 18:52:15,sagarsamy
2019-03-25 18:50:52,sagarsamy
2019-03-25 18:44:60,sagarsamy
2019-03-25 18:43:57,sagarsamy
2019-03-25 18:29:31,sagarsamy
2019-03-25 18:19:46,sagarsamy
2019-03-25 18:17:09,sagarsamy
2019-03-25 18:17:02,sagarsamy
2019-03-25 18:14:23,sagarsamy
2019-03-25 18:14:20,sagarsamy
2019-03-25 17:46:18,sagarsamy
2019-03-25 17:46:15,sagarsamy
2019-03-25 17:46:11,sagarsamy
2019-03-25 17:45:44,sagarsamy
2019-03-25 17:35:21,sagarsamy
2019-03-25 17:35:09,sagarsamy
2019-03-25 17:17:02,sagarsamy
2019-03-25 17:10:34,sagarsamy
2019-03-25 09:00:10,sagarsamy
2019-03-25 20:14:19,sagarsamy
2019-03-25 19:43:12,sagarsamy
2019-03-25 19:41:57,sagarsamy
2019-03-25 19:18:52,sagarsamy
2019-03-25 19:16:51,sagarsamy
2019-03-25 19:16:39,sagarsamy
2019-03-25 19:15:02,sagarsamy
2019-03-25 18:56:50,sagarsamy
2019-03-25 18:53:50,sagarsamy
2019-03-25 18:52:15,sagarsamy
2019-03-25 18:50:52,sagarsamy
2019-03-25 18:44:60,sagarsamy
2019-03-25 18:43:57,sagarsamy
2019-03-25 18:29:31,sagarsamy
2019-03-25 14:28:20,sagarsamy
2019-03-25 13:21:02,sagarsamy
2019-03-25 11:30:22,sagarsamy
2019-03-25 13:21:47,sagarsamy
2019-03-25 12:22:32,sagarsamy
2019-03-25 12:23:01,sagarsamy
2019-03-25 12:23:48,sagarsamy
2019-03-25 12:24:12,sagarsamy
2019-03-25 12:24:44,sagarsamy
2019-03-25 12:25:14,sagarsamy
2019-03-25 09:32:21,sagarsamy
2019-03-25 11:21:10,sagarsamy
2019-03-25 10:32:43,sagarsamy
2019-03-25 11:22:02,sagarsamy
2019-03-25 00:05:22,sagarsamy
2019-03-25 22:12:25,Caffeinefreak
2019-03-25 22:07:28,Caffeinefreak
2019-03-25 22:06:27,Caffeinefreak
2019-03-25 22:05:45,Caffeinefreak
2019-03-25 22:00:13,Caffeinefreak
2019-03-25 19:02:13,Caffeinefreak
2019-03-25 17:35:37,Caffeinefreak
2019-03-25 17:30:03,Caffeinefreak
2019-03-25 17:28:53,Caffeinefreak
2019-03-25 16:50:22,Caffeinefreak
2019-03-25 16:48:03,Caffeinefreak
2019-03-25 16:32:54,Caffeinefreak
2019-03-25 16:31:59,Caffeinefreak
2019-03-25 16:29:59,Caffeinefreak
2019-03-25 16:28:32,Caffeinefreak
2019-03-25 16:27:51,Caffeinefreak
2019-03-25 16:23:11,Caffeinefreak
2019-03-25 15:49:01,Caffeinefreak
2019-03-25 15:12:39,Caffeinefreak
2019-03-25 15:10:29,Caffeinefreak
2019-03-25 14:31:57,Caffeinefreak
2019-03-25 14:05:04,Caffeinefreak
2019-03-25 13:04:07,Caffeinefreak
2019-03-25 13:02:45,Caffeinefreak
2019-03-25 12:56:20,Caffeinefreak
2019-03-25 12:48:36,Caffeinefreak
2019-03-25 12:42:16,Caffeinefreak
2019-03-25 12:31:40,Caffeinefreak
2019-03-25 12:29:18,Caffeinefreak
2019-03-25 12:18:46,Caffeinefreak
2019-03-25 12:17:25,Caffeinefreak
2019-03-25 12:14:43,Caffeinefreak
2019-03-25 12:05:56,Caffeinefreak
2019-03-25 12:04:17,Caffeinefreak
2019-03-25 12:01:05,Caffeinefreak
2019-03-25 11:52:46,Caffeinefreak
2019-03-25 11:45:24,Caffeinefreak
2019-03-25 11:43:28,Caffeinefreak
2019-03-25 11:40:40,Caffeinefreak
2019-03-25 11:33:40,Caffeinefreak
2019-03-25 01:13:32,Caffeinefreak
2019-03-25 08:40:22,Caffeinefreak
2019-03-25 05:32:34,Caffeinefreak
2019-03-25 07:22:30,Caffeinefreak
2019-03-25 08:41:23,Caffeinefreak
2019-03-25 05:33:42,Caffeinefreak
2019-03-25 04:44:26,Caffeinefreak
2019-03-25 03:22:32,Caffeinefreak
2019-03-25 06:37:22,Caffeinefreak
2019-03-25 06:38:02,Caffeinefreak
2019-03-25 05:42:41,Caffeinefreak
2019-03-25 05:41:32,Caffeinefreak
2019-03-25 03:11:22,Caffeinefreak
2019-03-25 03:12:14,Caffeinefreak
2019-03-25 03:12:59,Caffeinefreak
2019-03-25 03:13:22,Caffeinefreak
2019-03-25 03:14:14,Caffeinefreak
2019-03-25 03:14:48,Caffeinefreak
2019-03-25 03:16:23,Caffeinefreak
2019-03-25 03:17:34,Caffeinefreak
2019-03-25 03:18:05,Caffeinefreak
2019-03-25 03:18:56,Caffeinefreak
2019-03-25 03:19:43,Caffeinefreak
2019-03-25 03:20:21,Caffeinefreak
2019-03-25 03:22:03,Caffeinefreak
2019-03-25 02:02:12,Caffeinefreak
2019-03-25 03:10:12,Caffeinefreak
2019-03-25 03:09:11,Caffeinefreak
2019-03-25 03:08:52,Caffeinefreak
2019-03-25 03:08:04,Caffeinefreak
2019-03-25 03:07:55,Caffeinefreak
2019-03-25 03:07:24,Caffeinefreak
2019-03-25 03:06:47,Caffeinefreak
2019-03-25 02:40:55,Caffeinefreak
2019-03-25 02:40:02,Caffeinefreak
2019-03-25 02:39:34,Caffeinefreak
2019-03-25 02:38:59,Caffeinefreak
2019-03-25 02:38:04,Caffeinefreak
2019-03-25 02:37:55,Caffeinefreak
2019-03-25 02:37:21,Caffeinefreak
2019-03-25 02:36:32,Caffeinefreak
2019-03-25 02:35:45,Caffeinefreak
2019-03-25 02:34:52,Caffeinefreak
2019-03-25 02:34:01,Caffeinefreak
2019-03-25 02:33:10,Caffeinefreak
2019-03-25 02:32:39,Caffeinefreak
2019-03-25 02:32:00,Caffeinefreak
2019-03-25 02:31:43,Caffeinefreak
2019-03-25 02:30:53,Caffeinefreak
2019-03-25 02:30:10,Caffeinefreak
2019-03-25 02:29:33,Caffeinefreak
2019-03-25 02:28:56,Caffeinefreak
2019-03-25 02:28:03,Caffeinefreak
2019-03-25 02:27:22,Caffeinefreak
2019-03-25 02:26:44,Caffeinefreak
2019-03-25 02:26:00,Caffeinefreak
2019-03-25 02:25:32,Caffeinefreak
2019-03-25 02:24:47,Caffeinefreak
2019-03-25 02:23:57,Caffeinefreak
2019-03-25 02:23:10,Caffeinefreak
2019-03-25 01:40:19,Caffeinefreak
2019-03-25 01:39:59,Caffeinefreak
2019-03-25 01:39:22,Caffeinefreak
2019-03-25 01:38:32,Caffeinefreak
2019-03-25 01:37:44,Caffeinefreak
2019-03-25 01:37:11,Caffeinefreak
2019-03-25 01:36:22,Caffeinefreak
2019-03-25 01:35:10,Caffeinefreak
2019-03-25 01:34:59,Caffeinefreak
2019-03-25 01:34:22,Caffeinefreak
2019-03-25 01:34:03,Caffeinefreak
2019-03-25 01:33:44,Caffeinefreak
2019-03-25 01:33:08,Caffeinefreak
2019-03-25 01:32:53,Caffeinefreak
2019-03-25 01:30:22,Caffeinefreak
2019-03-25 01:30:00,Caffeinefreak
2019-03-25 01:29:54,Caffeinefreak
2019-03-25 01:29:02,Caffeinefreak
2019-03-25 01:28:52,Caffeinefreak
2019-03-25 01:28:09,Caffeinefreak
2019-03-25 01:27:43,Caffeinefreak
2019-03-25 01:26:55,Caffeinefreak
2019-03-25 01:26:04,Caffeinefreak
2019-03-25 01:25:49,Caffeinefreak
2019-03-25 01:25:10,Caffeinefreak
2019-03-25 01:24:40,Caffeinefreak
2019-03-25 01:24:04,Caffeinefreak
2019-03-25 01:23:44,Caffeinefreak
2019-03-25 01:22:24,Caffeinefreak
2019-03-25 18:55:29,pradip103
2019-03-25 18:54:26,pradip103
2019-03-25 17:38:03,pradip103
2019-03-25 17:32:30,pradip103
2019-03-25 17:08:43,pradip103
2019-03-25 17:08:05,pradip103
2019-03-25 16:56:31,pradip103
2019-03-25 14:09:26,pradip103
2019-03-25 14:07:06,pradip103
2019-03-25 14:06:08,pradip103
2019-03-25 11:38:52,pradip103
2019-03-25 11:24:27,pradip103
2019-03-25 11:04:22,pradip103
2019-03-25 10:55:38,pradip103
2019-03-25 09:23:56,pradip103
2019-03-25 09:16:25,pradip103
2019-03-25 09:12:46,pradip103
2019-03-25 09:03:49,pradip103
2019-03-25 08:23:04,pradip103
2019-03-25 08:18:23,pradip103
2019-03-25 08:18:21,pradip103
2019-03-25 07:16:45,pradip103
2019-03-25 07:16:17,pradip103
2019-03-25 07:15:45,pradip103
2019-03-25 06:40:19,pradip103
2019-03-25 06:02:52,pradip103
2019-03-25 02:41:02,pradip103
2019-03-25 10:45:13,pradip103
2019-03-25 10:46:00,pradip103
2019-03-25 16:24:22,pradip103
2019-03-25 14:42:40,pradip103
2019-03-25 11:38:10,pradip103
2019-03-25 16:40:42,pradip103
2019-03-25 16:39:50,pradip103
2019-03-25 12:50:11,pradip103
2019-03-25 15:30:22,pradip103
2019-03-25 14:30:17,pradip103
2019-03-25 14:29:40,pradip103
2019-03-25 07:20:18,pradip103
2019-03-25 12:49:28,pradip103
2019-03-25 12:48:18,pradip103
2019-03-25 12:47:54,pradip103
2019-03-25 11:44:34,pradip103
2019-03-25 11:43:22,pradip103
2019-03-25 11:42:14,pradip103
2019-03-25 11:02:01,pradip103
2019-03-25 22:27:27,jade78052492
2019-03-25 22:26:39,jade78052492
2019-03-25 22:25:21,jade78052492
2019-03-25 20:59:53,jade78052492
2019-03-25 20:59:29,jade78052492
2019-03-25 19:47:28,jade78052492
2019-03-25 19:44:42,jade78052492
2019-03-25 19:44:18,jade78052492
2019-03-25 19:08:39,jade78052492
2019-03-25 18:18:01,jade78052492
2019-03-25 18:17:40,jade78052492
2019-03-25 16:10:25,jade78052492
2019-03-25 16:01:39,jade78052492
2019-03-25 15:50:28,jade78052492
2019-03-25 15:44:12,jade78052492
2019-03-25 15:41:43,jade78052492
2019-03-25 15:41:08,jade78052492
2019-03-25 15:40:46,jade78052492
2019-03-25 15:03:47,jade78052492
2019-03-25 15:02:00,jade78052492
2019-03-25 14:48:32,jade78052492
2019-03-25 14:48:08,jade78052492
2019-03-25 14:28:16,jade78052492
2019-03-25 14:23:15,jade78052492
2019-03-25 14:21:40,jade78052492
2019-03-25 14:21:30,jade78052492
2019-03-25 14:21:09,jade78052492
2019-03-25 14:20:52,jade78052492
2019-03-25 14:20:43,jade78052492
2019-03-25 14:20:26,jade78052492
2019-03-25 14:20:14,jade78052492
2019-03-25 14:20:06,jade78052492
2019-03-25 14:19:54,jade78052492
2019-03-25 14:19:19,jade78052492
2019-03-25 14:17:40,jade78052492
2019-03-25 14:17:22,jade78052492
2019-03-25 14:17:06,jade78052492
2019-03-25 14:16:55,jade78052492
2019-03-25 14:16:45,jade78052492
2019-03-25 14:15:58,jade78052492
2019-03-25 14:13:57,jade78052492
2019-03-25 09:51:18,jade78052492
2019-03-25 09:50:57,jade78052492
2019-03-25 03:06:20,jade78052492
2019-03-25 02:54:08,jade78052492
2019-03-25 02:43:29,jade78052492
2019-03-25 02:26:48,jade78052492
2019-03-25 02:21:33,jade78052492
2019-03-25 02:20:37,jade78052492
2019-03-25 02:17:20,jade78052492
2019-03-25 02:16:26,jade78052492
2019-03-25 02:11:38,jade78052492
2019-03-25 02:09:57,jade78052492
2019-03-25 02:08:35,jade78052492
2019-03-25 02:08:10,jade78052492
2019-03-25 02:04:03,jade78052492
2019-03-25 02:03:42,jade78052492
2019-03-25 01:59:25,jade78052492
2019-03-25 01:58:56,jade78052492
2019-03-25 01:56:22,jade78052492
2019-03-25 01:56:08,jade78052492
2019-03-25 01:54:36,jade78052492
2019-03-25 01:54:11,jade78052492
2019-03-25 01:53:37,jade78052492
2019-03-25 01:53:03,jade78052492
2019-03-25 01:50:00,jade78052492
2019-03-25 01:49:08,jade78052492
2019-03-25 01:47:58,jade78052492
2019-03-25 01:35:35,jade78052492
2019-03-25 01:33:23,jade78052492
2019-03-25 01:24:25,jade78052492
2019-03-25 00:54:29,jade78052492
2019-03-25 00:54:01,jade78052492
2019-03-25 00:32:05,jade78052492
2019-03-25 20:24:10,jade78052492
2019-03-25 18:40:55,jade78052492
2019-03-25 20:25:12,jade78052492
2019-03-25 20:18:17,jade78052492
2019-03-25 04:13:09,jade78052492
2019-03-25 16:22:26,jade78052492
2019-03-25 20:28:24,jade78052492
2019-03-25 20:39:15,jade78052492
2019-03-25 17:02:46,jade78052492
2019-03-25 19:12:25,jade78052492
2019-03-25 03:04:19,jade78052492
2019-03-25 19:10:02,jade78052492
2019-03-25 18:02:18,jade78052492
2019-03-25 15:04:18,jade78052492
2019-03-25 05:05:10,jade78052492
2019-03-25 05:04:14,jade78052492
2019-03-25 06:14:37,jade78052492
2019-03-25 06:14:00,jade78052492
2019-03-25 04:06:19,jade78052492
2019-03-25 13:04:16,jade78052492
2019-03-25 13:03:57,jade78052492
2019-03-25 17:10:29,jade78052492
2019-03-25 21:14:39,jade78052492
2019-03-25 21:09:46,jade78052492
2019-03-25 21:08:17,jade78052492
2019-03-25 18:09:37,jade78052492
2019-03-25 21:07:54,jade78052492
2019-03-25 18:08:26,jade78052492
2019-03-25 18:07:40,jade78052492
2019-03-25 19:11:20,jade78052492
2019-03-25 18:06:22,jade78052492
2019-03-25 03:13:43,jade78052492
2019-03-25 20:10:12,jade78052492
2019-03-25 04:14:06,jade78052492
2019-03-25 07:14:35,jade78052492
2019-03-25 20:12:24,jade78052492
2019-03-25 20:11:57,jade78052492
2019-03-25 01:17:22,jade78052492
2019-03-25 06:12:32,jade78052492
2019-03-25 04:12:19,jade78052492
2019-03-25 04:11:36,jade78052492
2019-03-25 04:10:54,jade78052492
2019-03-25 18:05:53,jade78052492
2019-03-25 19:10:22,jade78052492
2019-03-25 19:09:26,jade78052492
2019-03-25 00:23:54,jade78052492
2019-03-25 05:03:21,jade78052492
2019-03-25 19:08:37,jade78052492
2019-03-25 20:10:54,jade78052492
2019-03-25 20:10:00,jade78052492
2019-03-25 19:08:46,jade78052492
2019-03-25 17:26:20,jade78052492
2019-03-25 15:23:32,jade78052492
2019-03-25 19:07:21,jade78052492
2019-03-25 15:22:18,jade78052492
2019-03-25 15:21:43,jade78052492
2019-03-25 15:20:48,jade78052492
2019-03-25 15:19:57,jade78052492
2019-03-25 15:19:00,jade78052492
2019-03-25 15:18:43,jade78052492
2019-03-25 15:17:56,jade78052492
2019-03-25 15:17:03,jade78052492
2019-03-25 15:16:22,jade78052492
2019-03-25 16:15:43,jade78052492
2019-03-25 15:15:21,jade78052492
